jurisdiction,week_end_date,all_cause,septicemia,cancer,diabetes,Alzheimers,influenza_pneumonia,chronic_LRD,other_respiratory,kidney,NEC,heart_disease,CBVD,COVID19_UCOD,season_week,season
United States,10/11/2014,47893.412605456586,668.9945499750619,11253.33359334014,1342.112332923776,1747.2199725851,797.8455804016917,2462.600893513749,624.6697955083013,859.694075006474,633.9470696990186,11132.729028860815,2398.6907824221403,0.0,1.0,0.0
United States,10/18/2014,47834.65653558204,713.3193044418225,11094.589123854532,1294.6951537267762,1810.0992754332954,847.3243760855175,2481.1554418951832,644.255152133149,800.9380051319308,615.3925213175839,11358.476034168269,2520.3261551448786,0.0,2.0,0.0
United States,10/25/2014,47588.29336540633,648.3783851068011,11136.852261834467,1301.9108114306673,1852.36241341323,828.7698277040828,2515.1721139278134,658.6864675409315,818.4617452699524,612.3000965873448,11098.712356828184,2544.0347447433787,0.0,3.0,0.0
United States,11/1/2014,47476.96607511772,706.1036467379313,11115.205288722793,1262.740098180972,1870.9169617946645,855.5708420328218,2529.603429335596,620.5465625346491,835.9854854079741,566.9445338771711,10925.536571934794,2506.9256479805094,0.0,4.0,0.0
United States,11/8/2014,49511.78154761506,693.7339478169748,11181.177016301226,1369.944155495928,1972.9669778925554,814.3385122963003,2698.655981255334,673.1177829487141,820.5233617567785,684.4566736262575,11642.979109350268,2654.3312267885735,0.0,5.0,0.0
United States,11/15/2014,49032.455714428,691.6723313301487,11093.558315611119,1402.9300192851451,1953.3816212677077,811.2460875660612,2601.760006374509,647.3475768633881,834.9546771645611,632.9162614556055,11659.472041244877,2623.4069794861825,0.0,6.0,0.0
United States,11/22/2014,51035.31613137953,735.9970857969093,11430.632611207182,1501.8876106527969,2043.061938444642,955.5592416438866,2672.8857751700084,708.1652632247574,957.6208581307126,643.2243438897359,11974.899363729266,2745.042352208921,0.0,7.0,0.0
United States,11/29/2014,50424.0468430356,720.5349621457138,11020.370930328792,1414.2689099626887,2138.9271050820544,949.3743921834083,2680.1014328738997,686.5182901130835,911.2344871771259,642.1935356463229,12181.061012411874,2711.0256801762907,0.0,8.0,0.0
United States,12/6/2014,51340.43537142979,797.8455804016917,11145.098727781771,1386.4370873905366,2207.991257390728,1019.4693527354949,2804.829230326877,701.9804137642791,992.6683384067559,689.6107148433226,12130.551408484635,2665.670117466117,0.0,9.0,0.0
United States,12/13/2014,52140.34256831831,738.0587022837354,11260.54925104403,1568.8901464746443,2212.1144903643803,1111.2112863992554,2960.481275082246,698.88798903404,992.6683384067559,663.8405087579966,12291.357494457068,2845.0307518199857,0.0,10.0,0.0
United States,12/20/2014,53195.890209573256,874.1253904142565,11285.288648885944,1519.4113507908185,2153.358420489837,1413.2381017192756,3176.951006198984,760.7364836388223,919.4809531244302,682.3950571394314,12730.481806151023,2834.7226693858556,0.0,11.0,0.0
United States,12/27/2014,54454.50707478057,848.3551843289306,11189.42348224853,1546.2123651195575,2238.915504693119,1644.1391482437962,3349.0959828489617,779.291032020257,1005.0380373277123,752.490017691518,13314.950080166216,2786.274681945443,0.0,12.0,0.0
United States,1/3/2015,57745.87779599841,917.4193366376041,11362.59926714192,1656.5088471647525,2334.7806713305317,2215.2069150946195,3702.6632103396337,844.2319513552784,1028.7466269262122,739.0895105271485,14145.781524357126,2863.5853002014205,0.0,13.0,0.0
United States,1/10/2015,60149.722619637614,960.7132828609517,11564.637682850876,1732.7886571773174,2568.7741425852914,2528.572621092183,3856.2536386081765,880.3102398747347,1103.995628695364,671.056166461888,14559.135629965753,3114.071703350789,0.0,14.0,0.0
United States,1/17/2015,59519.89878291225,929.7890355585606,11626.48617745566,1755.4664385324043,2722.3645708538343,2281.1786426730537,3730.4950329117855,856.6016502762349,1128.735026537277,697.8571807906269,14293.18710316519,2983.1590564373328,0.0,15.0,0.0
United States,1/24/2015,57210.88831766704,909.1728706902998,11415.170487555986,1709.0800675788175,2533.7266623092482,2052.339212635359,3638.753099248025,839.0779101382132,1090.5951215309947,679.3026324091923,13699.44155495928,2946.0499596744635,0.0,16.0,0.0
United States,1/31/2015,55836.82092919746,816.4001287831263,11484.23463986466,1666.816929598883,2403.8448236392055,1819.3765496240126,3520.210151255526,811.2460875660612,1054.5168330115382,682.3950571394314,13221.14653001563,2925.433794806203,0.0,17.0,0.0
United States,2/7/2015,55691.476966876224,848.3551843289306,11334.76744456977,1552.3972145800358,2278.0862179428145,1721.4497664997741,3393.4207373157224,746.3051682310397,1027.7158186827992,656.6248510541054,13527.296578309302,2843.9999435765726,0.0,18.0,0.0
United States,2/14/2015,54882.29249579699,894.7415552825173,11215.193688333857,1636.9234905399048,2357.458452685619,1545.1815568761444,3438.776300025896,830.8314441909089,1072.0405731495598,651.4708098370402,13060.340444043195,2828.5378199253773,0.0,19.0,0.0
United States,2/21/2015,54771.99601375179,830.8314441909089,11121.390138183271,1595.6911608033834,2292.517533350597,1464.7785138899276,3562.4732892354605,761.7672918822353,1032.8698598998644,614.3617130741709,13263.409667995564,2782.1514489717906,0.0,20.0,0.0
United States,2/28/2015,54153.51106770397,813.3077040528873,11119.328521696445,1635.8926822964918,2209.022065634141,1427.669417127058,3443.9303412429613,793.7223474280395,1041.1163258471688,653.5324263238663,13037.66266268811,2846.0615600633987,0.0,21.0,0.0
United States,3/7/2015,54133.92571107912,837.0162936513872,10920.382530717729,1615.276517428231,2169.851352384446,1291.602728996537,3504.74802760433,827.7390194606697,1016.3769280052558,595.8071646927361,13150.02076122013,2793.4903396493337,0.0,22.0,0.0
United States,3/14/2015,53821.59081332497,859.694075006474,11187.361865761704,1565.7977217444052,2238.915504693119,1327.6810175159933,3390.328312585483,787.5374979675613,1001.9456125974733,595.8071646927361,12865.51768603813,2724.4261873406604,0.0,23.0,0.0
United States,3/21/2015,52915.510367364914,770.0137578295396,11393.523514444312,1454.470431455797,2108.0028577796634,1186.460288168407,3326.4182014938747,799.9071968885178,1022.561777465734,625.7006037517143,12558.336829501046,2818.229737491247,0.0,24.0,0.0
United States,3/28/2015,51818.73039637344,767.9521413427136,11440.940693641312,1431.7926501007103,1965.751320188664,1133.8890677543422,3219.2141441789186,782.3834567504961,995.760763136995,628.7930284819533,12325.374166489699,2678.0398163870736,0.0,25.0,0.0
United States,4/4/2015,51632.154104315676,745.2743599876267,10935.844654368924,1498.7951859225577,2022.4457735763813,1113.2729028860815,3281.062638783701,781.352648507083,957.6208581307126,601.9920141532144,12388.253469337895,2633.715061920313,0.0,26.0,0.0
United States,4/11/2015,51319.81920656153,740.1203187705615,11099.743165071597,1479.20982929771,2015.23011587249,1129.76583478069,3248.076774994484,763.8289083690614,979.2678312423865,593.74554820591,12230.5398080957,2566.7125260984653,0.0,27.0,0.0
United States,4/18/2015,51558.96671903335,782.3834567504961,11264.672484017683,1443.1315407782536,2000.7988004647075,1114.3037111294943,3255.2924326983753,815.3693205397133,966.89813232143,596.8379729361492,12226.416575122048,2647.1155690846826,0.0,28.0,0.0
United States,4/25/2015,50395.18421222003,749.3975929612789,10944.091120316229,1492.6103364620794,1964.720511945251,1076.163806123212,3120.256552811267,704.0420302511052,911.2344871771259,586.5298905020188,11898.619553716702,2520.3261551448786,0.0,29.0,0.0
United States,5/2/2015,50273.54883949729,728.7814280930181,11119.328521696445,1380.2522379300583,2011.1068828988377,1042.1471340905819,3126.441402271745,724.6581951193659,961.7440911043648,560.7596844166928,12061.487256175962,2527.54181284877,0.0,30.0,0.0
United States,5/9/2015,50304.473086799684,659.7172757843446,11061.603260065314,1450.347198482145,1941.0119223467511,900.9264047429955,3080.0550313181584,760.7364836388223,873.0945821708435,578.2834245547145,11848.109949789463,2536.8190870394874,0.0,31.0,0.0
United States,5/16/2015,49417.97799746447,711.2576879549964,11066.75730128238,1366.851730765689,1864.7321123341865,944.2203509663431,3015.1141119831373,692.7031395735618,907.1112542034738,559.7288761732798,11613.08567029129,2582.174649749661,0.0,32.0,0.0
United States,5/23/2015,48136.683350902065,685.4874818696705,10750.299170554577,1368.913347252515,1853.393221656643,885.4642810918,2899.6635887208768,668.9945499750619,896.8031717693434,555.6056431996277,11295.596731320074,2489.4019078424876,0.0,33.0,0.0
United States,5/30/2015,48478.91168771519,699.918797277453,11051.295177631184,1415.2997182061017,1904.933633827295,889.5875140654521,2835.7534776292687,650.4400015936272,825.6774029738438,553.5440267128016,11384.246240253595,2420.337755533814,0.0,34.0,0.0
United States,6/6/2015,47794.45501408893,668.9945499750619,10902.858790579707,1383.3446626602974,1838.9619062488605,845.2627595986914,2772.874174781073,650.4400015936272,912.2652954205389,570.0369586074102,11054.387602361423,2427.553413237705,0.0,35.0,0.0
United States,6/13/2015,48503.6510855571,723.6273868759529,10826.578980567141,1351.3896071144932,1896.6871678799905,865.8789244669522,2814.1065045175947,708.1652632247574,853.5092255459957,576.2218080678884,11237.871469688944,2463.6317017571614,0.0,36.0,0.0
United States,6/20/2015,47801.670671792825,666.9329334882358,10964.70728518449,1354.4820318447323,1799.7911929991649,832.893060677735,2699.686789498747,676.2102076789531,856.6016502762349,573.1293833376493,11011.093656138075,2547.127169473618,0.0,37.0,0.0
United States,6/27/2015,47767.653999760194,676.2102076789531,10960.584052210837,1292.63353723995,1766.8053292099478,843.2011431118653,2701.7484059855733,690.6415230867357,886.4950893352129,583.4374657717797,11058.510835335075,2439.9231121586618,0.0,38.0,0.0
United States,7/4/2015,48003.70908750178,688.5799065999096,11133.759837104228,1385.4062791471235,1821.4381661108387,786.5066897241483,2642.9923361110305,650.4400015936272,847.3243760855175,552.5132184693886,11123.451754670097,2453.3236193230314,0.0,39.0,0.0
United States,7/11/2015,47559.430734590765,718.4733456588878,10762.668869475534,1389.5295121207757,1758.5588632626434,779.291032020257,2529.603429335596,606.1152471268665,872.0637739274305,563.852109146932,11189.42348224853,2449.200386349379,0.0,40.0,0.0
United States,7/18/2015,47965.5691824955,712.2884961984095,11124.48256291351,1363.7593060354498,1884.3174689590342,785.4758814807352,2553.312018934096,683.4258653828444,863.8173079801261,513.3425052196931,11164.68408440662,2511.048880954161,0.0,41.0,0.0
United States,7/25/2015,47301.7286737375,678.2718241657792,11069.849726012619,1328.7118257594063,1848.2391804395777,713.3193044418225,2470.8473594610527,634.9778779424316,828.7698277040828,576.2218080678884,11043.04871168388,2376.013001067053,0.0,42.0,0.0
United States,8/1/2015,47070.82762721298,616.4233295609969,10864.718885573424,1201.9224118196028,1786.3906858347955,730.8430445798442,2460.5392770269227,625.7006037517143,845.2627595986914,557.6672596864537,11036.863862223401,2531.665045822422,0.0,43.0,0.0
United States,8/8/2015,46568.82401267083,692.7031395735618,10799.777966238402,1316.34212683845,1768.8669456967739,789.5991144543874,2341.996329034423,625.7006037517143,778.260223776844,576.2218080678884,10637.941072022555,2341.996329034423,0.0,44.0,0.0
United States,8/15/2015,46774.98566135344,688.5799065999096,11064.695684795553,1299.8491949438414,1759.5896715060564,742.1819352573876,2289.425108620358,627.7622202385403,821.5541700001916,533.9586700879538,10800.808774481815,2434.7690709415965,0.0,45.0,0.0
United States,8/22/2015,47166.692793850394,692.7031395735618,11098.712356828184,1322.5269762989283,1776.082603400665,757.6440589085831,2415.183714316749,648.3783851068011,814.3385122963003,512.31169697628,10822.455747593489,2422.39937202064,0.0,46.0,0.0
United States,8/29/2015,47323.37564684918,734.9662775534963,11076.034575473097,1341.081524680363,1861.6396876039473,791.6607309412134,2441.984728645488,673.1177829487141,874.1253904142565,559.7288761732798,10895.643132875815,2389.413508231423,0.0,47.0,0.0
United States,9/5/2015,47471.81203390066,701.9804137642791,11154.376001972489,1290.571920753124,1865.7629205775993,742.1819352573876,2403.8448236392055,620.5465625346491,843.2011431118653,545.2975607654973,10767.8229106926,2491.4635243293137,0.0,48.0,0.0
United States,9/12/2015,47520.26002134107,692.7031395735618,11021.401738572205,1293.6643454833631,1897.7179761234036,776.1986072900179,2393.536741205075,688.5799065999096,829.8006359474958,564.882917390345,10945.121928559642,2471.878167704466,0.0,49.0,0.0
United States,9/19/2015,47546.030227426396,655.5940428106924,11134.79064534764,1357.5744565749715,1858.5472628737082,745.2743599876267,2477.032208921531,687.5490983564965,891.6491305522782,575.1909998244754,10966.768901671316,2426.522604994292,0.0,50.0,0.0
United States,9/26/2015,47997.524238041304,725.689003362779,11099.743165071597,1316.34212683845,1904.933633827295,755.5824424217572,2487.3402913556615,674.1485911921271,895.7723635259304,582.4066575283666,10948.21435328988,2557.435251907748,0.0,51.0,0.0
United States,10/3/2015,47528.506487288374,727.7506198496051,11202.8239894129,1361.6976895486237,1906.995250314121,842.1703348684523,2469.8165512176397,645.285960376562,830.8314441909089,558.6980679298667,11038.925478710227,2396.629165935314,0.0,52.0,0.0
United States,10/10/2015,49235.31736241178,737.8032135823023,11246.126653633151,1406.0216580611418,2077.3100188239578,858.5532540853698,2583.846205680046,698.9176073186026,848.3201998054487,610.9133405112822,11407.808911255903,2532.6809342804413,0.0,1.0,1.0
United States,10/17/2015,48173.12632815598,685.6146367547053,10987.23038035115,1403.9750472051578,2004.655333436519,806.3646772577728,2534.7275451364253,653.8921684869503,842.1803672374962,631.3794490711241,11069.094814590519,2524.4944908565044,0.0,2.0,1.0
United States,10/24/2015,48896.603265746395,733.7099918703339,10956.531217511387,1432.6275991889365,2044.5642451282108,887.2058060691485,2595.102565387959,675.3815824747843,906.6486092009983,567.9345125356141,11351.527112716338,2607.382230523864,0.0,3.0,1.0
United States,10/31/2015,48705.24515071187,723.476937590413,11101.840588286264,1442.8606534688574,2045.5875505562028,837.0638400975357,2554.170348268275,654.9154739149424,845.2502835214725,574.0743451035667,11220.54401793335,2637.0580879356353,0.0,4.0,1.0
United States,11/7/2015,49423.60556116232,759.2926275701363,11151.982554257878,1415.2314069130707,2102.8926545237605,897.4388603490695,2620.6852010877615,699.9409127465947,883.1125843571801,565.8879016796299,11429.298325243737,2707.6661624670896,0.0,5.0,1.0
United States,11/14/2015,49018.37661167745,728.5934647303734,10907.412556967767,1494.0259248684622,2097.7761273837996,801.2481501178123,2635.011477079651,708.1273561705315,916.8816634809193,618.0764785072269,11358.690250712281,2518.354658288552,0.0,6.0,1.0
United States,11/21/2015,49651.80267160456,743.9430461502549,11060.90837116658,1436.7208209009048,2113.1257088036814,860.599864941354,2672.8737779153585,719.3837158784445,884.1358897851721,602.7268970873454,11692.287820237705,2674.920388771343,0.0,7.0,1.0
United States,11/28/2015,49373.46359519071,727.5701593023813,10839.874398720289,1412.1614906290945,2093.6829056718316,842.1803672374962,2683.1068321952794,703.0108290305709,910.7418309129667,649.7989467749819,11747.54631334928,2726.0856601709474,0.0,8.0,1.0
United States,12/5/2015,50268.85584468379,753.1527950021837,10875.690088700012,1445.9305697528337,2123.3587630836023,928.1380231888323,2784.4140695664973,712.2205778824998,892.3223332091089,621.1463947912032,11988.02308892742,2647.291142215556,0.0,9.0,1.0
United States,12/12/2015,51812.000430095875,750.0828787182074,11289.10548160882,1439.7907371848812,2227.7359167387963,932.2312449008008,2912.327248065509,728.5934647303734,964.9770185965479,648.7756413469898,12354.366432148592,2749.6216850147657,0.0,10.0,1.0
United States,12/19/2015,50169.595218168564,749.0595732902153,10905.365946111782,1428.534377476968,2154.057925923365,975.2100728764689,2836.6026463940943,760.3159329981285,897.4388603490695,651.845557630966,11916.391708967974,2599.1957870999277,0.0,11.0,1.0
United States,12/26/2015,50959.58700857846,761.3392384261205,11012.813016050954,1509.3755062883438,2277.877882710409,915.8583580529272,2889.8145286496833,703.0108290305709,960.8837968845795,727.5701593023813,12091.376937154624,2635.011477079651,0.0,12.0,1.0
United States,1/2/2016,50914.56156974681,796.1316229778519,10684.33197366549,1480.722954304565,2134.615122791515,1091.8668916675679,3049.4501754164503,768.5023764220651,1006.9325411442239,634.4493653551004,12253.059194777376,2702.549635327129,0.0,13.0,1.0
United States,1/9/2016,53925.12613889956,870.8329192212749,11325.944477016534,1578.9602753918064,2272.7613555704484,1198.290656178746,3109.825195667984,875.9494463612355,1023.3054279920974,647.7523359189977,12817.923791029012,2912.327248065509,0.0,14.0,1.0
United States,1/16/2016,53683.62605789342,810.4578989697412,11438.508074095666,1539.0513637001145,2267.644828430488,1197.267350750754,3067.869673120308,792.0384012658834,1017.1655954241448,605.7968133713217,12818.947096457005,2780.320847854529,0.0,15.0,1.0
United States,1/23/2016,53249.744556424776,821.7142586776542,11274.77920561693,1587.146718815743,2363.835538661745,1094.9368079515443,3218.2955710351466,785.8985686979308,976.233378304461,579.1908722435271,12626.56567599449,2788.5072912784653,0.0,16.0,1.0
United States,1/30/2016,53624.27434306988,777.712125273994,11433.391546955705,1571.7971373958617,2284.0177152783617,1109.2630839434337,3108.801890239992,807.3879826857649,977.2566837324531,604.7735079433296,12730.942829649684,2936.88657833732,0.0,17.0,1.0
United States,2/6/2016,52869.07493721171,784.8752632699387,10999.510045487055,1472.5365108806282,2297.3206858422586,1111.309694799418,3106.7552793840077,752.1294895741917,993.6295705803266,617.0531730792347,12573.353793738901,2770.087793574608,0.0,18.0,1.0
United States,2/13/2016,53213.92886644505,772.5955981340336,11472.277153219404,1470.489900024644,2196.013448471041,1120.5194436513468,3300.1600052745143,752.1294895741917,961.9071023125716,599.6569808033692,12846.576343012792,2686.176748479256,0.0,19.0,1.0
United States,2/20/2016,53951.73208002735,734.733297298326,11219.520712505357,1570.7738319678697,2301.413907554227,1194.1974344667776,3315.5095866943957,774.6422089900178,972.1401565924925,626.2629219311636,13005.188684351566,2808.9733998383076,0.0,20.0,1.0
United States,2/27/2016,53157.647067905484,828.8773966735989,11138.67958369398,1635.2420739313718,2218.5261678868674,1263.7822035702404,3290.9502564225854,748.0362678622232,971.1168511645005,595.5637590914007,12612.239400002602,2718.922522175003,0.0,21.0,1.0
United States,3/5/2016,54023.3634599868,809.4345935417491,11408.832216683895,1525.7483931362174,2204.199891894978,1385.5555495013,3222.388792747115,822.7375641056464,999.7694031482793,657.9853901989187,12729.919524221692,2789.530596706458,0.0,22.0,1.0
United States,3/12/2016,54302.725841828644,823.7608695336385,11455.904266371532,1517.5619497122805,2144.848177071436,1413.1847960570865,3455.7024303293133,763.3858492821047,1049.911369119892,608.866729655298,12803.597515037123,2778.2742369985444,0.0,23.0,1.0
United States,3/19/2016,52792.327030112305,800.2248446898202,11076.257952586462,1495.0492302964544,2204.199891894978,1331.3203618177188,3487.424898597068,823.7608695336385,958.8371860285953,621.1463947912032,12491.489359499534,2666.733945347406,0.0,24.0,1.0
United States,3/26/2016,52746.27828585266,798.178233833836,11123.330002274099,1509.3755062883438,2154.057925923365,1343.600026953624,3330.859168114277,819.66764782167,983.3965163004057,528.0256008439222,12430.091033820008,2753.714906726734,0.0,25.0,1.0
United States,4/2/2016,52157.87766475721,823.7608695336385,11062.954982022566,1513.4687280003122,2124.3820685115943,1264.8055089982324,3261.2743990108147,739.8498244382864,963.9537131685559,563.8412908236457,12352.319821292609,2693.3398864752003,0.0,26.0,1.0
United States,4/9/2016,52320.58322780795,750.0828787182074,11071.141425446502,1433.6509046169285,2146.8947879274206,1274.0152578501613,3272.5307587187276,749.0595732902153,938.3710774687534,613.9832567952585,12230.546475361549,2715.8526058910265,0.0,27.0,1.0
United States,4/16/2016,51743.438966420406,786.921874125923,11003.603267199023,1481.746259732557,2092.659600243839,1221.8266810225643,3084.242559968182,761.3392384261205,902.55538748903,584.3073993834877,12166.078233398046,2706.6428570390976,0.0,28.0,1.0
United States,4/23/2016,51449.75030858668,820.6909532496621,10972.90410435926,1474.5831217366124,2189.8736159030886,1044.7948419799316,3088.33578168015,789.9917904098992,897.4388603490695,599.6569808033692,12219.290115653635,2605.33561966788,0.0,29.0,1.0
United States,4/30/2016,49420.53564487835,725.5235484463971,10823.501511872415,1383.5089386453158,2088.5663785318707,978.2799891604452,2955.306076041177,691.7544693226579,923.0214960488719,617.0531730792347,11553.11828203078,2529.611017996465,0.0,30.0,1.0
United States,5/7/2016,49638.499701040666,701.9875236025789,11010.766405194969,1493.0026194404702,2027.168052852345,941.4409937527297,2843.765784390039,727.5701593023813,894.3689440650932,563.8412908236457,11423.158492675784,2616.591979375793,0.0,31.0,1.0
United States,5/14/2016,49271.1330523915,705.0574398865551,10788.709127320684,1382.4856332173238,2031.2612745643135,885.1591952131643,2817.159843262244,691.7544693226579,918.9282743369035,595.5637590914007,11528.55895175897,2574.6364568281174,0.0,32.0,1.0
United States,5/21/2016,48873.06724090257,714.267188738484,10925.832054671624,1433.6509046169285,1994.4222791565978,872.8795300772591,2870.3717255178335,651.845557630966,889.2524169251327,605.7968133713217,11291.152092464803,2565.4267079761885,0.0,33.0,1.0
United States,5/28/2016,48858.740964910685,696.8709964626183,10743.68368848903,1364.066135513466,2035.354496276282,880.0426680732038,2814.089926978268,745.989657006239,889.2524169251327,574.0743451035667,11376.086442988148,2481.5156628808363,0.0,34.0,1.0
United States,6/4/2016,48024.74704109712,697.8943018906104,10674.09891938557,1313.9241695418532,1854.2294355216807,803.2947609737965,2706.6428570390976,715.2904941664762,818.644342393678,617.0531730792347,11300.361841316731,2525.5177962844964,0.0,35.0,1.0
United States,6/11/2016,48220.19837784362,688.6845530386815,10774.382851328794,1307.7843369739005,1953.490062036914,845.2502835214725,2735.2954090228764,694.8243856066342,895.3922494930853,591.4705373794324,11036.349040894771,2484.5855791648128,0.0,36.0,1.0
United States,6/18/2016,48267.27042753125,668.2184444788396,10752.89343734096,1381.4623277893315,1911.534539489238,761.3392384261205,2600.2190925279197,731.6633810143496,865.7163920813144,582.2607885275035,11221.56732336134,2464.1194706049705,0.0,37.0,1.0
United States,6/25/2016,48004.28093253728,629.33283821514,10810.198541308517,1310.8542532578767,1966.7930326008113,729.6167701583655,2644.2212259315797,705.0574398865551,885.1591952131643,582.2607885275035,11223.613934217325,2407.8376720654055,0.0,38.0,1.0
United States,7/2/2016,48033.95678994906,672.3116661908081,10690.471806233441,1316.9940858258294,2002.6087225805347,762.3625438541126,2641.1513096476037,670.2650553348238,855.4833378013934,578.1675668155351,11093.654144862328,2443.6533620451287,0.0,39.0,1.0
United States,7/9/2016,48016.56059767319,694.8243856066342,10871.596866988044,1295.5046718379954,1972.9328651687638,793.0617066938755,2567.4733188321725,654.9154739149424,799.2015392618281,608.866729655298,11059.88506573859,2426.257169769263,0.0,40.0,1.0
United States,7/16/2016,47935.71946886181,705.0574398865551,10828.618039012375,1376.345800649371,1978.0493923087245,785.8985686979308,2591.0093436759907,640.589197923053,860.599864941354,602.7268970873454,10966.764271791308,2476.399135740876,0.0,41.0,1.0
United States,7/23/2016,47687.056249859736,709.1506615985236,10827.594733584383,1307.7843369739005,1957.5832837488824,685.6146367547053,2599.1957870999277,696.8709964626183,852.4134215174172,605.7968133713217,10798.942181600605,2421.1406426293024,0.0,42.0,1.0
United States,7/30/2016,48159.82335759208,703.0108290305709,11083.421090582407,1301.644504405948,1961.6765054608509,720.4070213064366,2473.3292194568994,685.6146367547053,826.8307858176147,581.2374830995113,10945.274857803473,2397.604617785484,0.0,43.0,1.0
United States,8/6/2016,47973.58176969752,713.2438833104919,10916.622305819696,1423.4178503370076,1823.5302726819177,735.7566027263181,2541.89068313237,627.2862273591558,801.2481501178123,622.1697002191952,10975.974020643238,2438.5368349051682,0.0,44.0,1.0
United States,8/13/2016,48160.84666302007,622.1697002191952,11135.609667410004,1336.4368889576792,1972.9328651687638,752.1294895741917,2543.937293988354,660.0320010549028,844.2269780934804,590.4472319514402,10989.276991207134,2551.100431984299,0.0,45.0,1.0
United States,8/20/2016,48170.05641187201,722.4536321624208,11145.842721689925,1280.155090418114,1963.723116316835,715.2904941664762,2558.2635699802436,647.7523359189977,827.8540912456068,605.7968133713217,11042.488873462724,2374.068592941666,0.0,46.0,1.0
United States,8/27/2016,47836.45884234658,679.4748041867527,10982.113853211189,1292.4347555540191,1993.3989737286058,696.8709964626183,2494.8186334447337,638.5425870670688,897.4388603490695,631.3794490711241,10761.079880764897,2499.935160584694,0.0,47.0,1.0
United States,9/3/2016,47988.931351117404,705.0574398865551,11164.262219393782,1347.6932486655924,1935.0705643330564,747.0129624342311,2496.8652443007177,595.5637590914007,865.7163920813144,624.2163110751794,10701.728165941355,2593.0559545319747,0.0,48.0,1.0
United States,9/10/2016,48437.13912857794,724.500243018405,11015.88293233493,1356.9029975175213,2038.4244125602581,730.6400755863576,2460.026248893002,672.3116661908081,810.4578989697412,590.4472319514402,11132.539751126029,2389.4181743615477,0.0,49.0,1.0
United States,9/17/2016,48400.300133170225,711.1972724545077,10964.717660935325,1357.9263029455133,2086.5197676758867,784.8752632699387,2516.3080474325675,696.8709964626183,865.7163920813144,586.3540102394718,10877.736699555995,2464.1194706049705,0.0,50.0,1.0
United States,9/24/2016,48207.91871270771,715.2904941664762,11006.673183483,1345.6466378096081,2016.934998572424,741.8964352942706,2489.702106304773,683.5680258987211,811.4812043977332,590.4472319514402,10957.55452293938,2577.7063731120934,0.0,51.0,1.0
United States,10/1/2016,48546.63280937309,675.3815824747843,11003.603267199023,1341.5534160976397,2112.102403375689,689.7078584666737,2655.477585639493,664.1252227668713,886.1825006411564,625.2396165031715,11008.719794338984,2511.191520292607,0.0,52.0,1.0
United States,10/8/2016,49346.436470230714,702.1040975359186,11085.319398143085,1389.9832205920936,2078.8784132539645,734.6183249181898,2447.7116801216034,713.2808631985744,871.7877216871464,633.0113643485923,11324.09575548164,2546.270431874113,0.0,1.0,2.0
United States,10/15/2016,50087.15121278308,686.863053450479,11119.865764736749,1435.7063528484125,2243.4816893767124,793.5503620485563,2692.5844550943334,723.4415592555341,926.655480394729,648.252408434032,11608.595245076513,2553.382919113985,0.0,2.0,2.0
United States,10/22/2016,49353.548957470586,677.7184269992152,11012.162386532975,1401.1599862547494,2049.412394688781,816.9199629795637,2631.620278752575,706.1683759587025,883.9805569554981,604.561415389105,11419.60629841706,2574.7203808336003,0.0,3.0,2.0
United States,10/29/2016,49832.11774175339,769.164691511853,10956.278558219696,1392.0153598034856,2208.9353227830493,780.3414571745086,2634.668487569663,725.4736984669261,929.7036892118169,628.9470859258084,11506.988284506915,2587.929285707648,0.0,4.0,2.0
United States,11/5/2016,49596.38959323192,678.7344966049112,10878.041198581106,1386.9350117750057,2203.8549747545694,788.4700140200764,2621.459582695615,732.5861857067979,875.8520001099303,550.7097262872184,11517.148980563874,2705.793359968381,0.0,5.0,2.0
United States,11/12/2016,50356.40965829251,735.6343945238858,11050.773031549423,1502.7669468243469,2119.5211974818035,847.402051150443,2669.214854163326,717.3451416213583,904.3019490694176,638.0917123770722,11710.20220564611,2721.0344040538207,0.0,6.0,2.0
United States,11/19/2016,51168.24927324359,749.8593690036295,11307.838641790504,1412.336751917405,2262.787011884936,817.9360325852597,2756.59684025318,710.2326543814864,913.4465755206813,634.0274339542883,11872.773342557466,2739.3236569563483,0.0,7.0,2.0
United States,11/26/2016,50944.713959990484,723.4415592555341,10852.639458438707,1526.1365477553543,2164.2282601324264,838.2574246991792,2854.1395223999934,742.7468817637576,919.5429931548572,652.3166868568159,12018.071296171991,2669.214854163326,0.0,8.0,2.0
United States,12/3/2016,52289.99011793195,805.743197316908,11030.451639435503,1510.8955036699147,2316.6387009868226,874.8359305042343,2909.007281107576,767.132552300461,903.2858794637216,692.9594710846549,12233.478052579538,2836.866339103162,0.0,9.0,2.0
United States,12/10/2016,52839.68377461348,725.4736984669261,11054.837309972207,1557.6347055319295,2365.4100420602294,986.6035871307915,2924.2483251930157,766.1164826947651,927.671550000425,739.6986729466697,12443.804460958603,2862.2680792455612,0.0,10.0,2.0
United States,12/17/2016,53703.342939455055,836.2252854877872,11399.28490630314,1479.3973458933394,2355.2493460032697,1032.3267193871104,2961.842900603767,776.2771787517248,937.8322460573847,651.3006172511199,12853.280512054082,2816.5449469892424,0.0,11.0,2.0
United States,12/24/2016,54411.54345462515,756.9718562435013,11154.412131330411,1661.2738053129187,2486.3223251380505,1070.9373644035575,3157.9443345030895,771.196830723245,1009.973188061799,688.895192661871,12858.360860082561,3013.6624504942615,0.0,12.0,2.0
United States,12/31/2016,55249.80087932433,884.996626561194,11023.339152195631,1583.0364456743287,2534.0775966057613,1236.5567101320014,3319.4994018087496,838.2574246991792,981.5232391023117,750.8754386093254,13262.75656314956,2979.1160839005984,0.0,13.0,2.0
United States,1/7/2017,57317.50252691563,862.6430952358826,11202.167402798123,1710.0451463863255,2581.832868073472,1486.5098331332113,3605.0149610093185,847.402051150443,1052.64811150103,627.9310163201125,13609.236298691887,3052.2730955107086,0.0,14.0,2.0
United States,1/14/2017,58661.76261525141,906.3340882808095,11665.495142995487,1789.2985756306116,2660.070227712062,1537.31331341801,3742.184357778275,936.8161764516888,1056.7123899238138,613.7060418403688,13803.305593379819,3000.453545620214,0.0,15.0,2.0
United States,1/21/2017,56990.32811388153,819.9681717966516,11475.49012673034,1549.5061486863617,2662.102366923454,1544.4258006578818,3603.9988914036226,908.3662274922015,1018.1017449073668,625.8988771087205,13494.420433248242,2968.9553878436386,0.0,16.0,2.0
United States,1/28/2017,55736.4982204527,842.3217031219631,11054.837309972207,1656.1934572844389,2435.5188448532517,1476.3491370762515,3550.147202301736,864.6752344472745,1045.535624261158,601.5132065720171,13215.001291681849,2874.460914513913,0.0,17.0,2.0
United States,2/4/2017,56204.906308678546,898.2055314352417,11275.324414408233,1600.3096289711602,2566.5918239880325,1553.5704271091456,3489.1830259599774,837.2413550934832,1016.0696056959748,590.3364409093614,13275.965468023607,2884.6216105708727,0.0,18.0,2.0
United States,2/11/2017,56663.153700847426,828.0967286422194,11434.8473425025,1728.334399288853,2424.342079190596,1547.4740094749698,3524.7454621593365,869.7555824757544,1029.2785105700225,641.1399211941601,13328.801087519798,2868.364496879737,0.0,19.0,2.0
United States,2/18/2017,56218.11521355259,867.7234432643625,11141.203226456364,1669.4023621584865,2482.2580467152666,1606.406046605336,3676.139833408037,820.9842414023476,1030.2945801757185,635.0435035599843,13453.777649020403,2918.15190755884,0.0,20.0,2.0
United States,2/25/2017,55893.98900933557,840.2895639105711,11136.122878427885,1588.1167937028085,2439.5831232760356,1604.3739073939441,3733.0397313270114,899.2216010409377,1008.957118456103,629.9631555315044,13188.583481933752,2873.444844908217,0.0,21.0,2.0
United States,3/4/2017,54955.140693672496,855.5306079960108,10682.955834287479,1613.518533845208,2404.0206870766765,1548.4900790806657,3517.6329749194647,806.759266922604,1005.9089096390151,593.3846497264493,12974.192795131903,2932.3768820385835,0.0,22.0,2.0
United States,3/11/2017,55088.245812018664,795.5825012599482,11087.351537354478,1610.47032502812,2445.6795409102115,1492.606250767387,3488.1669563542814,856.5466776017067,994.7321439763593,627.9310163201125,12850.232303236993,2850.0752439772095,0.0,23.0,2.0
United States,3/18/2017,54396.302410539705,813.8717541624758,10940.02144452856,1628.7595779306475,2377.602877328581,1372.710037295262,3443.4598937036585,856.5466776017067,1010.9892576674949,623.8667378973286,13082.912242941371,2743.387935379132,0.0,24.0,2.0
United States,3/25/2017,54680.80190013458,804.727127711212,11104.624720651309,1596.2453505483763,2456.856306572867,1319.8744177990714,3425.170640801131,839.2734943048752,956.1214989599123,613.7060418403688,12676.484400662981,2796.223554875323,0.0,25.0,2.0
United States,4/1/2017,53414.779171437396,765.1004130890691,11147.299644090539,1542.39366144649,2358.2975548203576,1227.4120836807376,3333.724376288493,873.8198608985383,997.7803527934473,657.3970348852957,12322.892177880783,2753.548631436092,0.0,26.0,2.0
United States,4/8/2017,52891.50332450397,815.9038933738677,10922.748261231729,1514.9597820926986,2260.754872673544,1176.6086033959389,3348.965420373933,845.369911939051,956.1214989599123,623.8667378973286,12245.67088784789,2710.873707996861,0.0,27.0,2.0
United States,4/15/2017,52675.08049849073,775.2611091460288,11141.203226456364,1538.329383023706,2232.3049237140567,1154.2550720706274,3210.77995399928,812.8556845567798,1015.0535360902788,558.8382831327862,11982.508859972631,2786.062858818363,0.0,28.0,2.0
United States,4/22/2017,50969.099630527184,779.3253875688127,10924.780400443122,1370.67789808387,2219.096018840009,1031.3106497814144,2977.0839446892064,818.9521021909557,904.3019490694176,580.1757448524016,11690.896883137886,2714.937986419645,0.0,29.0,2.0
United States,4/29/2017,51141.8314634955,741.7308121580617,11016.226664955759,1465.1723714135958,2148.9872160469868,950.0250813257364,3005.5338936486937,778.3093179631168,925.639410789033,585.2560928808815,12032.296270651734,2615.3631650614393,0.0,30.0,2.0
United States,5/6/2017,50639.89307828169,692.9594710846549,10828.253787902004,1552.5543575034496,2063.637369168525,926.655480394729,3031.951703396789,725.4736984669261,943.9286636915606,588.3043016979694,11644.157681275872,2627.556000329791,0.0,31.0,2.0
United States,5/13/2017,49969.28713852235,717.3451416213583,10851.623388833012,1460.092023385116,2056.524881928653,858.5788168130987,2944.569717306935,746.8111601865415,984.5714479193996,542.5811694416506,11611.643453893601,2645.8452532323186,0.0,32.0,2.0
United States,5/20/2017,50305.606178007714,659.4291740966877,10983.712437573487,1357.4689932098224,1994.5446359811986,822.0003110080436,2937.4572300670634,750.8754386093254,859.5948864187947,581.1918144580976,11745.76464184547,2661.086297317758,0.0,33.0,2.0
United States,5/27/2017,48862.78733791943,694.9916102960468,10676.859416653304,1359.5011324212144,2000.6410536153744,780.3414571745086,2880.557332148089,737.6665337352778,860.6109560244906,539.5329606245626,11299.710084944936,2558.4632671424647,0.0,34.0,2.0
United States,6/3/2017,49244.82950966112,684.8309142390871,10767.289611560245,1384.9028725636138,2068.7177171970047,815.9038933738677,2736.2754481392603,720.3933504384462,866.7073736586665,541.5650998359546,11420.622368022758,2614.3470954557433,0.0,35.0,2.0
United States,6/10/2017,49345.420400625015,680.7666358163032,10776.434238011509,1408.2724734946212,1977.271452684367,817.9360325852597,2771.8378843386195,700.0719583245267,802.69498849982,547.6615174701304,11478.538335547428,2530.0133181829774,0.0,36.0,2.0
United States,6/17/2017,48792.678535126404,714.2969328042703,10689.052251921656,1426.5617263971487,1991.4964271641106,750.8754386093254,2764.7253970987476,675.6862877878233,801.6789188941241,538.5168910188667,11389.124210246182,2447.7116801216034,0.0,37.0,2.0
United States,6/24/2017,49154.39931475418,660.4452437023837,11058.90158839499,1394.0474990148775,2046.3641858716933,754.9397170321093,2778.9503715784913,733.6022553124939,866.7073736586665,557.8222135270902,11090.399746171564,2525.9490397601935,0.0,38.0,2.0
United States,7/1/2017,48566.095013056205,665.5255917308635,10899.378660300721,1367.6296892667822,1900.0501626514729,744.7790209751496,2672.263062980414,725.4736984669261,854.5145383903148,590.3364409093614,11235.69769978609,2464.984863418435,0.0,39.0,2.0
United States,7/8/2017,48896.3176349074,662.4773829137756,11040.612335492462,1370.67789808387,1921.3876243710884,745.7950905808456,2581.832868073472,681.7827054219991,819.9681717966516,523.275846933427,11209.279890037995,2426.374218401988,0.0,40.0,2.0
United States,7/15/2017,48053.99593178543,684.8309142390871,10927.828609260208,1337.147601095903,1949.8375733305757,776.2771787517248,2517.8204829146257,689.9112622675669,794.5664316542523,512.0990812707713,11031.467709041199,2513.756204491842,0.0,41.0,2.0
United States,7/22/2017,48081.42981113923,643.1720604055521,10981.680298362096,1358.4850628155184,1938.66080766792,668.5738005479515,2483.2741163209625,704.1362367473106,800.6628492884281,572.0471880068338,10927.828609260208,2501.56336922349,0.0,42.0,2.0
United States,7/29/2017,47382.3739224204,640.1238515884642,10872.960850552627,1335.115461884511,1915.2912067369125,723.4415592555341,2423.3260095849,679.7505662106072,764.0843434833731,545.6293782587385,10676.859416653304,2445.6795409102115,0.0,43.0,2.0
United States,8/5/2017,48035.7066788829,660.4452437023837,10763.225333137461,1361.5332716326063,1979.303591895759,654.3488260682078,2570.6561024108164,676.7023573935193,876.8680697156262,546.6454478644345,10946.117862162737,2534.0775966057613,0.0,44.0,2.0
United States,8/12/2017,48273.466966615764,620.8185290802406,11043.66054430955,1336.131531490207,2041.2838378432134,701.0880279302227,2443.6474016988195,707.1844455643985,831.1449374593074,526.324055750515,10888.201894638067,2594.025703341824,0.0,45.0,2.0
United States,8/19/2017,48172.87607565186,672.6380789707354,10999.969551264623,1437.7384920598045,1994.5446359811986,682.7987750276951,2415.197452739332,710.2326543814864,809.8074757396919,527.3401253562109,10944.085722951344,2394.8760606254127,0.0,46.0,2.0
United States,8/26/2017,47606.925305279205,688.895192661871,10824.18950947922,1298.5369560794559,1923.4197635824803,690.9273318732629,2442.6313320931235,678.7344966049112,811.8396149510838,564.934700766962,10815.044883027957,2556.4311279310728,0.0,47.0,2.0
United States,9/2/2017,48759.14823813844,678.7344966049112,11178.797801867115,1406.2403342832292,2049.412394688781,698.0398191131347,2439.5831232760356,662.4773829137756,825.0485198251315,493.80982836824376,11034.515917858287,2625.523861118399,0.0,48.0,2.0
United States,9/9/2017,48986.74782981434,716.3290720156623,10806.916326182389,1455.011675356636,2011.8178192780301,760.0200650605892,2430.438496824772,680.7666358163032,910.3983667035934,575.0953968239218,11240.778047814569,2603.1703297930876,0.0,49.0,2.0
United States,9/16/2017,49572.00392269522,698.0398191131347,10941.037514134257,1423.5135175800608,2131.714032750155,768.148621906157,2595.04177294752,707.1844455643985,898.2055314352417,604.561415389105,11292.597597705064,2572.6882416222084,0.0,50.0,2.0
United States,9/23/2017,48989.79603863142,671.6220093650394,10956.278558219696,1394.0474990148775,2089.0391093109242,704.1362367473106,2563.5436151709446,679.7505662106072,877.8841393213222,579.1596752467057,11096.496163805741,2561.5114759595526,0.0,51.0,2.0
United States,9/30/2017,48945.088975980805,688.895192661871,11061.949797212077,1382.8707333522218,2082.9426916767484,751.8915082150214,2515.7883437032337,725.4736984669261,822.0003110080436,551.7257958929143,10985.74457678488,2512.740134886146,0.0,52.0,2.0
United States,10/7/2017,49479.45759535018,658.3662854261814,11091.250428099964,1381.3574823052395,2087.182687079627,747.2255386738868,2634.474905946177,730.0595465692165,846.1824343361043,581.6242030758904,11230.59789342023,2596.103864771031,0.0,1.0,3.0
United States,10/14/2017,48994.770759453604,684.6201557039126,10997.342353645003,1306.634928437851,2057.8995240775425,771.4598804687156,2566.8207017689465,741.1669532251797,852.2410197848116,562.4386824883176,11128.611705033658,2619.328442324409,0.0,2.0,3.0
United States,10/21/2017,49839.94342954826,696.7373266013269,11102.357834755927,1539.8904682130776,2162.915005188467,795.6942222635444,2636.4944344290793,669.4736920821446,846.1824343361043,573.5460891442807,11403.267578708384,2676.885004087127,0.0,3.0,3.0
United States,10/28/2017,50094.40401839396,741.1669532251797,11003.40093909371,1429.826165894897,2182.10052577604,789.6356368148372,2667.7971259140663,736.1181320179237,871.4265403723842,604.8487806292679,11461.833904712554,2697.080288916151,0.0,4.0,3.0
United States,11/4/2017,51208.17397671463,677.5518060137542,11116.494534136244,1487.3827276576153,2226.530152399893,796.7039865049956,2681.933825294383,790.6454010562884,935.0416875838098,625.0440654582918,11638.542646966514,2613.269856875702,0.0,5.0,3.0
United States,11/11/2017,50791.14134499528,724.0009611205093,11084.182078409805,1508.5877767280906,2217.442274226832,834.06526343869,2692.031467708895,751.2645956396917,982.5006069320161,569.5070321784759,11556.751743408966,2703.138874364858,0.0,6.0,3.0
United States,11/18/2017,51206.154448231726,735.1083677764725,10905.453807672944,1515.656126418249,2197.2469893978077,856.2800767506163,2631.4456132218234,771.4598804687156,913.8366385133346,607.8780733536215,11929.354748504458,2773.822371266442,0.0,7.0,3.0
United States,11/25/2017,51614.09920177801,744.1962459495332,11107.406655963183,1565.1345742493577,2194.217696673454,864.3581906822259,2754.6368506788695,712.8935544645461,924.9440451692979,587.6827885245975,12176.746987660003,2779.8809567151493,0.0,8.0,3.0
United States,12/2/2017,52243.182324202106,791.6551652977396,10885.25852284392,1519.6951833840537,2240.6668517802095,954.2272081713826,2919.228422035415,791.6551652977396,952.2076796884802,637.1612363557063,12194.922744006124,2841.4765754436726,0.0,9.0,3.0
United States,12/9/2017,52964.153992598265,762.3720022956549,11027.635280888539,1590.3786802856375,2305.291763233086,988.5591923807233,2990.9216831784497,810.8406858853124,943.1198015154193,647.2588787702182,12314.074924497365,2799.066477302722,0.0,10.0,3.0
United States,12/16/2017,54695.899666687066,762.3720022956549,11247.7638855249,1674.189112326087,2523.400839386545,1147.0921782885614,3063.624708562936,771.4598804687156,939.0807445496146,634.1319436313527,12942.148282680011,3033.3317813194003,0.0,11.0,3.0
United States,12/23/2017,56805.29716707862,831.0359707143364,11523.429523441077,1645.9157135654534,2669.8166543969687,1323.8009205425212,3290.8216628894556,831.0359707143364,1042.0766971776368,696.7373266013269,13444.001110681256,2994.9607401442545,0.0,12.0,3.0
United States,12/30/2017,58424.95901036634,880.5144185454451,11195.256144969437,1860.9954969945588,2579.947636907812,1731.7456740888053,3584.6630571517544,861.3288979578723,1099.633258940355,669.4736920821446,14240.705097186252,3019.1950819390836,0.0,13.0,3.0
United States,1/6/2018,63253.651612985974,999.6665990366865,11370.955122981946,1992.2648483832145,2809.1641197172344,2419.3951225170717,4086.515885153,1029.9595262802225,1140.023828598403,717.9423756718021,15449.392894203336,3226.1967514365792,0.0,14.0,3.0
United States,1/13/2018,64473.44681665902,972.4029645175041,11869.778658258838,1905.4251236184116,3043.4294237339122,2774.8321355078933,4201.629008678437,1008.7544772097473,1182.4339267393534,738.1376605008261,15296.918493744206,3231.245572643835,0.0,15.0,3.0
United States,1/20/2018,61850.07931736881,980.4810784491137,11360.857480567434,1836.76115519973,2930.335828691378,2811.1836482001368,4043.0960227705987,977.4517857247602,1176.3753412906462,680.5810987381078,14355.818220711688,3231.245572643835,0.0,16.0,3.0
United States,1/27/2018,60011.29863368618,912.8268742718834,11290.17398366585,1645.9157135654534,2823.300819097551,2537.537538766862,3853.2603453777733,981.4908426905649,1148.1019425300126,641.200293321511,13809.53576608659,3154.503490293544,0.0,17.0,3.0
United States,2/3/2018,58172.517950003545,905.758524581725,10998.352117886454,1730.7359098473542,2676.885004087127,2349.721389856939,3593.750935324815,975.4322572418578,1106.7016086305134,647.2588787702182,13373.317613779673,2949.5213492789508,0.0,18.0,3.0
United States,2/10/2018,58296.71895170204,874.4558330967379,11379.033236913556,1723.6675601571958,2554.703530871532,2194.217696673454,3700.7859449186426,894.6511179257618,1035.0083474874784,611.9171303194263,13631.81725959118,3001.0193255929616,0.0,19.0,3.0
United States,2/17/2018,57054.70893471707,843.1531416117507,11246.75412128345,1653.9938274970632,2603.1722144611895,2103.3389149428463,3563.4580080812793,935.0416875838098,1048.135282626344,627.0635939411942,13257.194726012785,2925.287007484122,0.0,20.0,3.0
United States,2/24/2018,55273.484812797156,845.1726700946531,11033.693866337246,1538.8807039716264,2490.0786194186553,1883.210310306485,3322.124354374443,979.4713142076625,1018.8521196242592,582.6339673173416,12811.888695532807,2819.2617621317463,0.0,21.0,3.0
United States,3/3/2018,54092.06065029925,854.260548267714,10877.18040891231,1591.3884445270887,2222.491095434088,1594.4177372514423,3237.3041580925424,881.5241827868963,951.197915447029,591.7218454904023,12788.664117979428,2876.8183238944644,0.0,22.0,3.0
United States,3/10/2018,54525.24950988182,773.479408951618,11120.533591102048,1584.3200948369304,2295.194120818574,1379.337953822337,3313.0364762013824,891.6218252014082,978.4615499662114,623.0245369753894,12892.669834848903,2803.1055342685268,0.0,23.0,3.0
United States,3/17/2018,53782.06302817373,799.7332792293491,10870.112059222152,1568.1638669737113,2353.7604468227437,1331.8790344741308,3262.548264128822,848.2019628190067,987.5494281392721,574.5558533857319,12662.443587798029,2777.861428232247,0.0,24.0,3.0
United States,3/24/2018,53382.19638855906,759.3427095713013,10979.166597298881,1550.997874869041,2334.574926235171,1203.6389758098285,3242.3529792997983,859.3093694749699,948.1686227226754,552.3410400738055,12621.04325389853,2835.4179899949654,0.0,25.0,3.0
United States,3/31/2018,52427.96918038768,779.5379944003253,10643.924869137083,1506.5682482451882,2331.5456335108174,1221.8147321559502,3233.2651011267376,871.4265403723842,972.4029645175041,516.9992916230136,12340.328794775096,2757.666143403223,0.0,26.0,3.0
United States,4/7/2018,52788.45501458576,722.9911968790581,10875.160880429408,1595.4275014928935,2247.735201470368,1221.8147321559502,3138.347262430325,845.1726700946531,937.0612160667122,578.5949103515368,12380.719364433144,2797.0469488198196,0.0,27.0,3.0
United States,4/14/2018,52737.96680251319,772.4696447101668,10955.942019745504,1510.607305210993,2156.85641973976,1043.086461419088,3236.294393851091,809.8309216438612,959.2760293786386,586.6730242831463,12520.06682975341,2860.6620960312453,0.0,28.0,3.0
United States,4/21/2018,51682.76317019669,719.9619041547045,10806.496912010725,1527.7732973156633,2201.2860463636125,1010.7740056926497,3058.57588735568,869.4070118894819,947.1588584812241,556.3800970396104,12039.41905082264,2671.836182879871,0.0,29.0,3.0
United States,4/28/2018,51366.70696262247,734.0986035350213,10918.58074281181,1469.2069713114938,2164.9345336713695,893.6413536843106,3108.054335186789,822.9578567827267,916.8659312376882,584.653495800244,11937.432862436068,2734.4415658498456,0.0,30.0,3.0
United States,5/5/2018,51334.39450689603,676.5420417723029,11064.996557822233,1503.5389555208346,2103.3389149428463,911.8171100304322,2980.824040763938,804.7821004366052,864.3581906822259,562.4386824883176,11994.989424198786,2672.8459471213223,0.0,31.0,3.0
United States,5/12/2018,49639.000345499466,659.3760496676326,10534.870331060354,1474.2557925187498,2015.4894259365922,760.3524738127525,2923.2674790012197,829.016442231434,842.1433773702995,507.9114134499528,11709.226143868098,2460.7954564165707,0.0,32.0,3.0
United States,5/19/2018,48387.90245034143,646.249114528767,10458.128248710063,1402.5625313757146,2004.382019280629,734.0986035350213,2820.2715263731975,748.235302915338,867.3874834065795,525.0774055546232,11278.056812768436,2555.7132951129834,0.0,33.0,3.0
United States,5/26/2018,48596.92364832183,647.2588787702182,10753.989171455263,1411.6504095487755,1932.6887581375938,731.0693108106677,2823.300819097551,747.2255386738868,890.612060959957,523.0578770717208,11404.277342949836,2573.889051459105,0.0,34.0,3.0
United States,6/2/2018,48780.700740265944,677.5518060137542,10637.866283688376,1457.0898004140795,1894.3177169624482,729.0497823277653,2817.242233648844,774.4891731930692,865.3679549236771,560.4191540054152,11345.711016945666,2526.4301321108987,0.0,35.0,3.0
United States,6/9/2018,49621.83435339479,659.3760496676326,10782.262570215897,1412.6601737902267,1980.1476774858002,711.8837902230949,2770.7930785420886,737.1278962593749,854.260548267714,585.6632600416951,11522.419759199625,2580.957401149263,0.0,36.0,3.0
United States,6/16/2018,48967.50712493442,644.2295860458646,10721.676715728825,1368.230547166374,1965.0012138640323,732.0790750521189,2749.5880294716135,779.5379944003253,842.1433773702995,518.0090558644648,11297.24233335601,2589.0355150808728,0.0,37.0,3.0
United States,6/23/2018,48793.82767540481,693.7080338769733,10847.897245910226,1401.5527671342634,1965.0012138640323,701.786147808583,2732.422037366943,757.3231810883989,866.3777191651283,584.653495800244,11212.422137074107,2603.1722144611895,0.0,38.0,3.0
United States,6/30/2018,48549.464728973624,637.1612363557063,10787.311391423153,1365.2012544420204,1959.9523926567763,744.1962459495332,2636.4944344290793,721.9814326376069,856.2800767506163,573.5460891442807,11169.002274691706,2521.3813109036428,0.0,39.0,3.0
United States,7/7/2018,49258.31922647236,671.493220565047,10892.326872534079,1430.8359301363482,1859.9857327531076,720.9716683961557,2626.3967920145674,785.5965798490324,858.2996052335187,585.6632600416951,11339.65243149696,2557.7328235958857,0.0,40.0,3.0
United States,7/14/2018,48867.540465030754,682.6006272210102,10629.788169756766,1417.7089949974827,1924.6106442059843,662.4053423919862,2577.9281084249096,765.4012950200084,873.4460688552866,541.2336334178424,11306.33021152907,2526.4301321108987,0.0,41.0,3.0
United States,7/21/2018,48281.877204989054,709.8642617401925,10670.178739414814,1379.337953822337,1982.1672059687025,653.3174642189255,2499.166497591716,763.381766537106,874.4558330967379,539.21410493494,11047.830565717562,2495.1274406259113,0.0,42.0,3.0
United States,7/28/2018,48091.03176335478,643.2198218044134,10867.082766497799,1348.0352623373499,1960.9621568982275,727.030253844863,2497.1469691088137,747.2255386738868,807.8113931609588,556.3800970396104,11022.586459681283,2471.902863072534,0.0,43.0,3.0
United States,8/4/2018,48333.37518130307,688.6592126697174,10801.44809080347,1373.27936837363,1975.0988562785442,635.1417078728039,2448.6782855191564,703.8056762914854,846.1824343361043,562.4386824883176,11034.703630578697,2560.7621163202393,0.0,44.0,3.0
United States,8/11/2018,48748.388284539506,661.395578150535,10935.74673491648,1408.621116824422,1979.137913244349,692.6982696355221,2318.418698371952,709.8642617401925,853.2507840262627,572.5363249028295,11090.240663858513,2465.8442776238267,0.0,45.0,3.0
United States,8/18/2018,47968.850290139184,662.4053423919862,10785.29186294025,1362.1719617176668,1967.0207423469346,597.7804309391095,2599.1331574953847,722.9911968790581,825.9871495070804,603.8390163878167,10943.82484884809,2581.9671653907144,0.0,46.0,3.0
United States,8/25/2018,48180.900780843935,664.4248708748886,11039.752451785953,1389.435596236849,1957.932864173874,636.1514721142551,2500.1762618331672,710.8740259816437,898.6901748915667,558.3996255225128,10815.584790183786,2483.010269728497,0.0,47.0,3.0
United States,9/1/2018,48325.29706737146,658.3662854261814,10819.62384714959,1401.5527671342634,2041.7432962143232,644.2295860458646,2403.238894653852,672.5029848064981,849.2117270604579,521.0383485888184,11063.986793580782,2556.7230593544346,0.0,48.0,3.0
United States,9/8/2018,47999.14321738272,664.4248708748886,10716.627894521569,1366.2110186834716,1972.0695635541906,670.4834563235958,2463.8247491409243,701.786147808583,832.0457349557876,577.5851461100855,10769.135635077031,2488.059090935753,0.0,49.0,3.0
United States,9/15/2018,48832.19871657996,675.5322775308517,10978.15683305743,1431.8456943777994,2044.772588938677,683.6103914624614,2478.971212762692,729.0497823277653,888.5925324770546,538.2043406934888,10963.010369435662,2478.971212762692,0.0,50.0,3.0
United States,9/22/2018,49260.338754955264,682.6006272210102,11148.806989862682,1451.031214965372,2102.329150701395,693.7080338769733,2541.5765957326666,768.430587744362,811.8504501267636,527.0969340375256,11187.178031037827,2531.4789533181547,0.0,51.0,3.0
United States,9/29/2018,48612.0701119436,692.6982696355221,10880.209701636664,1356.1133762689597,2030.63588955836,693.7080338769733,2455.7466352093147,735.1083677764725,894.6511179257618,558.3996255225128,11072.064907512391,2604.1819787026407,0.0,52.0,3.0
United States,10/6/2018,49787.90968739092,667.0804316644653,11072.128670744085,1466.7732382983725,2097.6866586075357,777.5907441390002,2536.7139908927334,754.4840424397793,854.9479628711747,594.7464089538606,11196.703932079015,2607.03873519471,0.0,1.0,4.0
United States,10/13/2018,49252.43699149159,725.3495055146747,11037.97093779741,1474.8103519328843,2064.533564865175,697.2196077938839,2508.5840931719426,732.3819799448723,826.818065150384,596.7556873624885,11242.917335477458,2635.168632915501,0.0,2.0,4.0
United States,10/20/2018,50278.17361909613,740.4190935793839,11037.97093779741,1424.5783917171866,2111.751607467931,747.4515680095816,2711.5212124433615,787.6371361821398,832.8459003762678,537.4819743079653,11644.773017203039,2677.363479496687,0.0,3.0,4.0
United States,10/27/2018,51058.77828084808,712.2891958585933,11186.657540035876,1525.042312148582,2273.4985193624775,755.4886816440933,2596.992343151571,766.5397128915467,916.2309543343259,605.7974402013142,11649.796213224608,2748.6928630029774,0.0,4.0,4.0
United States,11/3/2018,50865.887553619796,688.1778549550584,11102.267846873503,1509.9727240838727,2230.2990335769773,727.3587839233026,2606.034095990396,728.3634231276166,902.1660054739306,589.7232129322908,11800.492093871702,2665.3078090449194,0.0,5.0,4.0
United States,11/10/2018,50873.92466725431,712.2891958585933,11102.267846873503,1516.0005593097562,2237.331508007175,768.5489913001746,2679.3727579053148,787.6371361821398,877.0500253660816,587.7139345236629,11688.977142192853,2763.762451067687,0.0,6.0,4.0
United States,11/17/2018,51968.981399956516,714.2984742672212,11116.332795733899,1538.1026218046634,2285.554189814245,826.818065150384,2778.8320391323964,761.516516869977,934.3144600119771,552.5515623726747,12176.22715628512,2785.864513562594,0.0,7.0,4.0
United States,11/24/2018,52094.56130049576,684.1592981378026,11150.490528680573,1566.232519525454,2385.0134710413263,813.7577554943026,2724.5815220994427,724.3448663103607,978.518585001791,576.6629032762095,12266.644684673376,2796.9155448100473,0.0,8.0,4.0
United States,12/1/2018,52341.70254475699,723.3402271060468,10868.186912268353,1599.3856132678145,2231.3036727812914,855.9526020754887,2896.374826037129,805.7206418597909,998.6113690880701,663.0618748472095,12678.546758442097,2792.8969879927918,0.0,9.0,4.0
United States,12/8/2018,53085.13555594932,770.5582697088025,11116.332795733899,1615.4598405368376,2321.7212011695474,906.1845622911864,2853.1753402516288,847.915488440977,983.5417810233608,656.0294004170119,12472.595721557736,2801.938740831617,0.0,10.0,4.0
United States,12/15/2018,53504.07010414824,780.6046617519421,11315.251358188061,1523.033033739954,2349.851098890338,932.3051816033492,2946.6067862528266,838.8737356021514,1019.7087923786631,627.8995026962211,12519.813764160492,2907.4258572845824,0.0,11.0,4.0
United States,12/22/2018,53597.501550149434,797.6835282252794,11168.574034358224,1615.4598405368376,2355.878934116222,947.3747696680584,2970.7181271563613,882.0732213876514,975.5046673888492,661.0525964385816,12746.862224335446,2809.975854466129,0.0,12.0,4.0
United States,12/29/2018,53249.89638545681,759.5072384613491,10892.298253171888,1562.213962708198,2258.428931297768,1014.6855963570933,3126.4372038250244,831.8412611719538,986.5556986363026,622.8763066746513,12700.648820937004,2766.776368680629,0.0,13.0,4.0
United States,1/5/2019,55370.689745763564,733.3866191491862,11078.156505969968,1775.1974740227563,2272.4938801581634,1222.6459116500819,3298.23050776271,873.0314685488258,1025.7366276045468,611.8252754271979,13257.218940126935,2756.7299766374895,0.0,14.0,4.0
United States,1/12/2019,55440.00985086123,776.5861049346863,11332.330224661398,1621.4876757627214,2310.670169922094,1258.8129230053842,3434.8614395494083,887.0964174092212,973.4953889802213,581.6860992977793,12958.84109644569,2953.639260683024,0.0,15.0,4.0
United States,1/19/2019,55373.70366337651,740.4190935793839,11313.242079779435,1677.7474712043029,2469.4031642036985,1270.8685934571515,3227.9057634607334,901.1613662696166,1029.7551844218026,574.6536248675816,13008.068417457074,2975.741323177931,0.0,16.0,4.0
United States,1/26/2019,54909.56035098346,764.5304344829188,11120.351352551155,1781.22530924864,2308.6608915134657,1169.4000338214423,3292.202672536827,856.9572412798026,974.5000281845352,630.913420309163,13115.564812318667,2847.147505025745,0.0,17.0,4.0
United States,2/2/2019,55194.877885008624,744.4376503966398,11117.337434938212,1761.132525162361,2377.980996611129,1237.7154997147911,3229.9150418693616,877.0500253660816,991.5788946578724,588.718573727977,13154.745741286912,2960.671735113222,0.0,18.0,4.0
United States,2/9/2019,55395.80572587141,751.4701248268375,11094.230733238992,1675.7381927956749,2429.21759603114,1234.7015821018492,3330.378962300757,905.1799230868723,977.513945797477,600.7742441797444,12997.01738620962,2821.0268857135825,0.0,19.0,4.0
United States,2/16/2019,54909.56035098346,763.5257952786048,11089.207537217422,1738.0258234631401,2394.055223880152,1321.1005536728492,3264.072774816036,888.1010566135352,1005.6438435182678,619.8623890617095,13053.277181651201,2845.138226617117,0.0,20.0,4.0
United States,2/23/2019,54975.86653846818,777.5907441390002,11164.55547754097,1670.7149967741052,2379.9902750197566,1292.9706559520585,3332.3882407093847,877.0500253660816,1009.6624003355236,548.5330055554188,12905.59521861705,2922.4954453492915,0.0,21.0,4.0
United States,3/2/2019,54981.894373694064,742.4283719880119,10953.58124463504,1770.1742780011866,2218.24336312521,1357.2675650281517,3239.961433912501,820.7902299245003,955.4118833025701,599.7696049754304,13286.35347705204,2851.166061843001,0.0,22.0,4.0
United States,3/9/2019,55629.886660476564,736.4005367621281,11213.782798552353,1666.6964399568494,2336.7907892342564,1405.4902468352213,3278.1377236764315,901.1613662696166,979.5232242061049,617.8531106530816,13225.070485588889,2962.6810135218498,0.0,23.0,4.0
United States,3/16/2019,55014.04282823211,759.5072384613491,11143.458054250375,1628.5201501929191,2315.6933659436636,1387.4067411575702,3309.2815390101637,908.1938406998142,1052.8618861210236,597.7603265668025,12988.980272575109,2924.5047237579197,0.0,24.0,4.0
United States,3/23/2019,54240.47064091037,725.3495055146747,10926.455986118563,1700.8541729035237,2240.345425620117,1356.2629258238376,3229.9150418693616,900.1567270653027,1000.620647496698,555.5654799856164,12800.108102164086,2849.156783434373,0.0,25.0,4.0
United States,3/30/2019,53870.76341372283,778.5953833433142,10894.307531580514,1677.7474712043029,2336.7907892342564,1251.7804485751865,3243.979990729757,873.0314685488258,946.3701304637445,585.704656115035,12680.556036850725,2904.4119396716405,0.0,26.0,4.0
United States,4/6/2019,53794.41083419497,730.3727015362444,10913.39567646248,1621.4876757627214,2285.554189814245,1159.3536417783027,3184.7062776752337,790.6510537950817,956.416522506884,589.7232129322908,12638.36119026954,2846.1428658214313,0.0,27.0,4.0
United States,4/13/2019,52635.057192416665,720.3263094931049,10738.588454911853,1632.538707010175,2077.5938745212566,1057.8850821425933,3179.683081653664,865.9989941186282,936.323738420605,608.811357814256,12207.370971618853,2811.985132874757,0.0,28.0,4.0
United States,4/20/2019,51760.016445459216,709.2752782456514,10713.472474804004,1541.116539417605,2146.9139796189193,976.5093065931632,3042.0475106626523,805.7206418597909,934.3144600119771,548.5330055554188,12431.405514180864,2719.558326077873,0.0,29.0,4.0
United States,4/27/2019,50883.971059297444,672.1036276860351,10604.971440738096,1602.3995308807564,2109.742329059303,954.4072440982561,2956.653178295966,809.7391986770468,900.1567270653027,556.5701191899304,11996.396738712923,2689.4191499484546,0.0,30.0,4.0
United States,5/4/2019,51137.14013878456,658.0386788256397,10743.611650933422,1540.1119002132912,2091.658823381652,867.0036333229422,2871.25884592928,832.8459003762678,936.323738420605,557.5747583942443,11927.07663361526,2779.83667833671,0.0,31.0,4.0
United States,5/11/2019,50825.70198544724,696.21496858957,10839.052375343248,1572.2603547513377,2009.2784086279075,805.7206418597909,2991.8155504469546,785.6278577735119,892.119613430791,567.6211504373839,11771.357556946597,2635.168632915501,0.0,32.0,4.0
United States,5/18/2019,50914.110235426866,622.8763066746513,10931.479182140132,1521.0237553313261,2049.463976800466,791.6556929993956,2821.0268857135825,772.5675481174305,919.2448719472677,601.7788833840583,11948.174056905853,2644.2103857543266,0.0,33.0,4.0
United States,5/25/2019,50867.896832028426,611.8252754271979,11022.901349732701,1524.037672944268,2059.510368843605,760.5118776656631,2903.4073004673264,753.4794032354654,837.8690963978374,584.7000169107212,11864.789002947795,2580.918115882547,0.0,34.0,4.0
United States,6/1/2019,50030.02773563059,636.9412555350467,10730.55134127734,1393.434576383454,2102.7098546291054,768.5489913001746,2837.1011129826056,785.6278577735119,896.1381702480468,495.2871277267792,11631.712707546958,2615.0758488292217,0.0,35.0,4.0
United States,6/8/2019,50358.544755441246,630.913420309163,10646.161648114969,1553.1722098693726,2116.7748034895008,740.4190935793839,2810.9804936704427,765.5350736872329,851.9340452582328,539.4912527165932,11637.74054277284,2581.9227550868613,0.0,36.0,4.0
United States,6/15/2019,49954.67979530704,646.9876475781863,10878.233304311492,1491.8892184062215,2084.626348951454,721.3309486974189,2775.8181215194545,793.6649714080235,911.2077583127561,555.5654799856164,11496.086414964573,2460.3614113648728,0.0,37.0,4.0
United States,6/22/2019,49592.0050425497,618.8577498573956,10757.676599793818,1466.7732382983725,1995.2134597675122,735.3958975578142,2650.2382209802104,745.4422896009537,913.217036721384,526.4309430605118,11435.808062705737,2628.136158485303,0.0,38.0,4.0
United States,6/29/2019,49487.52256530105,651.0062043954421,10832.01990091305,1424.5783917171866,1964.0696444337798,728.3634231276166,2685.4005931311985,734.3912583535002,855.9526020754887,581.6860992977793,11472.979713265353,2554.7974965703847,0.0,39.0,4.0
United States,7/6/2019,49664.339065260305,652.0108435997561,10640.133812889086,1463.7593206854308,2005.2598518106518,681.1453805248607,2630.145436893931,720.3263094931049,805.7206418597909,565.611872028756,11571.43435528812,2564.843888613524,0.0,40.0,4.0
United States,7/13/2019,49340.845241471216,655.0247612126979,10797.862167966376,1407.4995252438493,1974.1160364769191,646.9876475781863,2664.3031698406057,711.2845566542793,930.2959031947212,563.6025936201281,11362.469400790818,2538.723269301361,0.0,41.0,4.0
United States,7/20/2019,49022.37461370369,625.8902242875932,10736.579176503225,1518.0098377183842,1964.0696444337798,661.0525964385816,2580.918115882547,690.1871333636863,863.9897157100003,587.7139345236629,11125.374548572725,2537.7186300970475,0.0,42.0,4.0
United States,7/27/2019,49044.476676198596,662.0572356428955,10797.862167966376,1423.5737525128725,2028.3665535098728,663.0618748472095,2472.4170818166403,747.4515680095816,873.0314685488258,551.5469231683606,11198.713210487644,2547.765022140187,0.0,43.0,4.0
United States,8/3/2019,48905.836466003275,628.9041419005351,10876.224025902864,1403.4809684265936,2015.3062438537913,683.1546589334886,2461.366050569187,774.5768265260584,818.7809515158724,560.5886760071862,11317.26063659669,2535.7093516884192,0.0,44.0,4.0
United States,8/10/2019,49049.49987222016,566.6165112330699,10762.699795815388,1452.7082894379773,2009.2784086279075,661.0525964385816,2486.4820306770357,758.5025992570352,868.008272527256,619.8623890617095,11082.175062787224,2512.6026499891987,0.0,45.0,4.0
United States,8/17/2019,48408.54005986787,603.7881617926862,10780.783301493038,1382.3835451360005,1945.9861387561286,629.908781104849,2430.2222352354543,710.2799174499653,904.1752838825585,572.6443464589537,11045.003412227608,2573.88564145235,0.0,46.0,4.0
United States,8/24/2019,48414.56789509375,612.8299146315119,10890.28897476326,1378.3649883187447,2018.3201614667332,614.8391930401398,2491.5052266986054,663.0618748472095,826.818065150384,507.3427981785467,10958.604440656609,2549.7743005488146,0.0,47.0,4.0
United States,8/31/2019,48551.19882688045,657.0340396213257,10830.010622504422,1348.225812189326,2001.241294993396,656.0294004170119,2389.0320278585823,706.2613606327095,795.6742498166515,551.5469231683606,11063.086917905259,2590.964507925687,0.0,48.0,4.0
United States,9/7/2019,49229.330289792364,619.8623890617095,10858.140520225214,1326.123749694419,2054.4871728220355,624.8855850832792,2452.324297730361,745.4422896009537,878.0546645703956,571.6397072546397,11141.448775841747,2528.676877258222,0.0,49.0,4.0
United States,9/14/2019,49061.55554267194,677.1268237076049,10826.99670489148,1408.5041644481632,2048.4593375961517,597.7603265668025,2553.7928573660706,712.2891958585933,809.7391986770468,512.3659942001165,11224.833829799805,2692.433067561396,0.0,50.0,4.0
United States,9/21/2019,49066.578738693504,617.8531106530816,10696.393608330667,1414.531999674047,2074.5799569083147,656.0294004170119,2489.4959482899776,766.5397128915467,868.008272527256,519.3984686303141,11170.583312766852,2541.737186914303,0.0,51.0,4.0
United States,9/28/2019,50047.10660210392,697.2196077938839,11083.17970199154,1484.8567439760238,2065.538204069489,688.1778549550584,2536.7139908927334,766.5397128915467,863.9897157100003,612.8299146315119,11208.759602530783,2733.6232749382684,0.0,52.0,4.0
United States,10/5/2019,49643.0,632.0,10840.0,1454.0,2164.0,619.0,2476.0,828.0,907.0,594.0,11159.0,2630.0,0.0,1.0,5.0
United States,10/12/2019,50244.0,699.0,11003.0,1398.0,2181.0,678.0,2542.0,758.0,904.0,617.0,11276.0,2691.0,0.0,2.0,5.0
United States,10/19/2019,51326.0,687.0,11074.0,1491.0,2204.0,738.0,2607.0,782.0,906.0,612.0,11871.0,2694.0,0.0,3.0,5.0
United States,10/26/2019,51055.0,664.0,11015.0,1506.0,2258.0,731.0,2553.0,780.0,954.0,583.0,11767.0,2790.0,0.0,4.0,5.0
United States,11/2/2019,51193.0,668.0,10983.0,1528.0,2176.0,741.0,2697.0,816.0,912.0,574.0,11534.0,2794.0,0.0,5.0,5.0
United States,11/9/2019,52646.0,745.0,11190.0,1572.0,2295.0,780.0,2601.0,824.0,993.0,632.0,11959.0,2810.0,0.0,6.0,5.0
United States,11/16/2019,52869.0,691.0,11015.0,1601.0,2333.0,807.0,2683.0,803.0,971.0,599.0,12283.0,2838.0,0.0,7.0,5.0
United States,11/23/2019,53085.0,662.0,11021.0,1580.0,2326.0,764.0,2796.0,840.0,962.0,642.0,12314.0,2995.0,0.0,8.0,5.0
United States,11/30/2019,52386.0,692.0,10687.0,1592.0,2367.0,774.0,2734.0,860.0,948.0,610.0,12364.0,2842.0,0.0,9.0,5.0
United States,12/7/2019,54099.0,758.0,10826.0,1685.0,2404.0,947.0,2964.0,807.0,964.0,591.0,12893.0,2919.0,0.0,10.0,5.0
United States,12/14/2019,54529.0,749.0,10969.0,1637.0,2484.0,968.0,2989.0,856.0,999.0,643.0,12550.0,2955.0,0.0,11.0,5.0
United States,12/21/2019,54354.0,705.0,11033.0,1667.0,2435.0,985.0,3108.0,859.0,991.0,708.0,12566.0,3039.0,0.0,12.0,5.0
United States,12/28/2019,55302.0,807.0,10847.0,1767.0,2422.0,1060.0,3195.0,904.0,994.0,709.0,13168.0,2934.0,0.0,13.0,5.0
United States,1/4/2020,56834.0,798.0,10954.0,1691.0,2388.0,1502.0,3327.0,1005.0,1026.0,631.0,13474.0,2945.0,1.0,14.0,5.0
United States,1/11/2020,57367.0,806.0,11306.0,1811.0,2392.0,1438.0,3528.0,996.0,1038.0,665.0,13251.0,3007.0,0.0,15.0,5.0
United States,1/18/2020,56011.0,784.0,11020.0,1672.0,2338.0,1400.0,3345.0,945.0,1062.0,631.0,12914.0,3095.0,2.0,16.0,5.0
United States,1/25/2020,55745.0,774.0,11182.0,1721.0,2361.0,1406.0,3233.0,927.0,1048.0,663.0,12906.0,2999.0,2.0,17.0,5.0
United States,2/1/2020,55398.0,747.0,11325.0,1682.0,2314.0,1321.0,3129.0,921.0,1015.0,666.0,12745.0,2914.0,0.0,18.0,5.0
United States,2/8/2020,55933.0,747.0,11021.0,1816.0,2341.0,1362.0,3234.0,905.0,1064.0,636.0,13278.0,2883.0,0.0,19.0,5.0
United States,2/15/2020,55343.0,735.0,11159.0,1711.0,2365.0,1398.0,3288.0,925.0,993.0,650.0,12963.0,2903.0,0.0,20.0,5.0
United States,2/22/2020,55563.0,723.0,11097.0,1725.0,2361.0,1358.0,3295.0,928.0,982.0,664.0,12930.0,2916.0,4.0,21.0,5.0
United States,2/29/2020,55900.0,752.0,11134.0,1686.0,2351.0,1396.0,3285.0,972.0,1017.0,703.0,13008.0,2944.0,9.0,22.0,5.0
United States,3/7/2020,56228.0,761.0,11079.0,1719.0,2342.0,1529.0,3290.0,958.0,1005.0,700.0,12961.0,2922.0,32.0,23.0,5.0
United States,3/14/2020,55280.0,704.0,10895.0,1596.0,2280.0,1555.0,3211.0,929.0,1005.0,688.0,12744.0,2995.0,52.0,24.0,5.0
United States,3/21/2020,55695.0,803.0,11054.0,1680.0,2334.0,1657.0,3219.0,967.0,1028.0,688.0,12473.0,2892.0,527.0,25.0,5.0
United States,3/28/2020,59565.0,809.0,11197.0,1887.0,2572.0,1698.0,3354.0,1016.0,955.0,689.0,12989.0,2884.0,2953.0,26.0,5.0
United States,4/4/2020,68600.0,868.0,10947.0,2141.0,2691.0,1774.0,3382.0,991.0,979.0,766.0,14241.0,2999.0,9263.0,27.0,5.0
United States,4/11/2020,74931.0,767.0,10897.0,2193.0,2774.0,1556.0,3273.0,976.0,1053.0,723.0,15011.0,3020.0,14807.0,28.0,5.0
United States,4/18/2020,72505.0,707.0,10616.0,2112.0,2707.0,1195.0,3027.0,875.0,1021.0,753.0,13864.0,3042.0,15355.0,29.0,5.0
United States,4/25/2020,69583.0,699.0,10706.0,1910.0,2620.0,1092.0,2842.0,846.0,917.0,742.0,13205.0,2879.0,13706.0,30.0,5.0
United States,5/2/2020,65336.0,710.0,10488.0,1786.0,2562.0,964.0,2785.0,819.0,886.0,661.0,12336.0,2896.0,11639.0,31.0,5.0
United States,5/9/2020,62853.0,664.0,10393.0,1815.0,2320.0,825.0,2668.0,818.0,907.0,734.0,12502.0,2688.0,9770.0,32.0,5.0
United States,5/16/2020,60680.0,659.0,10631.0,1821.0,2265.0,829.0,2644.0,752.0,914.0,693.0,12068.0,2805.0,7914.0,33.0,5.0
United States,5/23/2020,57939.0,680.0,10474.0,1686.0,2241.0,763.0,2530.0,688.0,860.0,737.0,12094.0,2681.0,6143.0,34.0,5.0
United States,5/30/2020,56104.0,617.0,10322.0,1671.0,2106.0,714.0,2507.0,703.0,826.0,722.0,11752.0,2721.0,5182.0,35.0,5.0
United States,6/6/2020,55442.0,676.0,10469.0,1583.0,2127.0,665.0,2405.0,739.0,843.0,742.0,11850.0,2627.0,4225.0,36.0,5.0
United States,6/13/2020,54715.0,654.0,10491.0,1618.0,2175.0,672.0,2392.0,702.0,889.0,814.0,11749.0,2693.0,3512.0,37.0,5.0
United States,6/20/2020,54636.0,658.0,10530.0,1643.0,2220.0,729.0,2427.0,719.0,876.0,824.0,11695.0,2750.0,3182.0,38.0,5.0
United States,6/27/2020,55167.0,678.0,10750.0,1623.0,2123.0,692.0,2416.0,743.0,893.0,857.0,11781.0,2801.0,3150.0,39.0,5.0
United States,7/4/2020,56476.0,651.0,10651.0,1778.0,2182.0,637.0,2495.0,746.0,918.0,899.0,12129.0,2680.0,3888.0,40.0,5.0
United States,7/11/2020,58448.0,725.0,10713.0,1822.0,2300.0,689.0,2480.0,725.0,866.0,1015.0,12294.0,2739.0,5055.0,41.0,5.0
United States,7/18/2020,59682.0,667.0,10726.0,1730.0,2353.0,734.0,2511.0,675.0,916.0,1070.0,12127.0,2815.0,6297.0,42.0,5.0
United States,7/25/2020,60604.0,647.0,10924.0,1767.0,2362.0,746.0,2427.0,685.0,908.0,1111.0,12190.0,2720.0,7231.0,43.0,5.0
United States,8/1/2020,60592.0,642.0,10874.0,1819.0,2336.0,730.0,2609.0,743.0,917.0,1130.0,12001.0,2811.0,7329.0,44.0,5.0
United States,8/8/2020,60018.0,737.0,10875.0,1639.0,2247.0,728.0,2469.0,691.0,850.0,1195.0,11996.0,2841.0,6907.0,45.0,5.0
United States,8/15/2020,59826.0,691.0,10999.0,1721.0,2345.0,702.0,2508.0,751.0,903.0,1271.0,12056.0,2783.0,6261.0,46.0,5.0
United States,8/22/2020,58690.0,688.0,10788.0,1753.0,2381.0,676.0,2487.0,734.0,889.0,1282.0,11948.0,2776.0,5441.0,47.0,5.0
United States,8/29/2020,57355.0,697.0,10936.0,1709.0,2268.0,627.0,2417.0,703.0,923.0,1408.0,11613.0,2799.0,4892.0,48.0,5.0
United States,9/5/2020,56292.0,653.0,10709.0,1648.0,2331.0,679.0,2394.0,756.0,863.0,1498.0,11573.0,2663.0,4152.0,49.0,5.0
United States,9/12/2020,55724.0,641.0,10764.0,1713.0,2188.0,655.0,2399.0,708.0,880.0,1715.0,11369.0,2872.0,3784.0,50.0,5.0
United States,9/19/2020,55627.0,706.0,10918.0,1660.0,2222.0,659.0,2358.0,762.0,849.0,1757.0,11674.0,2770.0,3450.0,51.0,5.0
United States,9/26/2020,56515.0,696.0,11185.0,1661.0,2337.0,687.0,2480.0,742.0,866.0,1942.0,11650.0,2872.0,3486.0,52.0,5.0
